{"phones": ["a", "b", "c", "d", "d\u0292", "e", "e\u0303", "f", "i", "i\u0303", "j", "j\u0303", "k", "l", "m", "n", "o", "o\u0303", "p", "s", "t", "t\u0283", "u", "u\u0303", "v", "w", "w\u0303", "x", "z", "\u00f0", "\u0250", "\u0250\u0303", "\u0254", "\u025b", "\u025f", "\u0261", "\u0263", "\u0268", "\u0272", "\u027e", "\u0281", "\u0283", "\u028e", "\u0292", "\u03b2"], "version": "2.0.0rc4.dev19+ged818cb.d20220404", "architecture": "gmm-hmm", "train_date": "2022-05-28 11:15:55.362589", "training": {"audio_duration": 1636932.9230405742, "num_speakers": 3080, "num_utterances": 234676, "num_oovs": 0, "average_log_likelihood": -0.0135578697603351}, "dictionaries": {"names": ["portuguese_brazil_mfa", "portuguese_mfa", "portuguese_portugal_mfa"], "default": "portuguese_mfa", "silence_word": "<eps>", "use_g2p": false, "oov_word": "<unk>", "bracketed_word": "[bracketed]", "laughter_word": "[laughter]", "position_dependent_phones": true, "clitic_marker": "'"}, "features": {"type": "mfcc", "use_energy": false, "frame_shift": 10, "frame_length": 25, "snip_edges": true, "low_frequency": 20, "high_frequency": 7800, "sample_frequency": 16000, "allow_downsample": true, "allow_upsample": true, "uses_cmvn": true, "uses_deltas": true, "uses_voiced": false, "uses_splices": false, "uses_speaker_adaptation": true, "use_pitch": true, "min_f0": 50, "max_f0": 500, "delta_pitch": 0.005, "penalty_factor": 0.1}, "oov_phone": "spn", "optional_silence_phone": "sil", "phone_set_type": "IPA", "silence_probability": 0.1733190218318991, "initial_silence_probability": 0.17333333333333334, "final_silence_correction": 1.26, "final_non_silence_correction": 0.7266666666666666}